[{"model": "admin.logentry", "pk": 1, "fields": {"action_time": "2021-08-23T18:53:42.941Z", "user": 1, "content_type": 6, "object_id": "1", "object_repr": "Новинки", "action_flag": 1, "change_message": "[{\"added\": {}}]"}}, {"model": "admin.logentry", "pk": 2, "fields": {"action_time": "2021-08-23T18:53:52.940Z", "user": 1, "content_type": 6, "object_id": "2", "object_repr": "Одежда", "action_flag": 1, "change_message": "[{\"added\": {}}]"}}, {"model": "admin.logentry", "pk": 3, "fields": {"action_time": "2021-08-23T18:54:00.473Z", "user": 1, "content_type": 6, "object_id": "3", "object_repr": "Обувь", "action_flag": 1, "change_message": "[{\"added\": {}}]"}}, {"model": "admin.logentry", "pk": 4, "fields": {"action_time": "2021-08-23T18:54:09.408Z", "user": 1, "content_type": 6, "object_id": "4", "object_repr": "Подарки", "action_flag": 1, "change_message": "[{\"added\": {}}]"}}, {"model": "admin.logentry", "pk": 5, "fields": {"action_time": "2021-08-23T18:54:18.035Z", "user": 1, "content_type": 6, "object_id": "5", "object_repr": "Аксессуары", "action_flag": 1, "change_message": "[{\"added\": {}}]"}}, {"model": "admin.logentry", "pk": 6, "fields": {"action_time": "2021-08-23T18:54:30.838Z", "user": 1, "content_type": 6, "object_id": "2", "object_repr": "Одежда", "action_flag": 2, "change_message": "[{\"changed\": {\"fields\": [\"Description\"]}}]"}}, {"model": "admin.logentry", "pk": 7, "fields": {"action_time": "2021-08-23T18:55:51.625Z", "user": 1, "content_type": 7, "object_id": "1", "object_repr": "Худи черного цвета с монограммами adidas Originals | Одежда", "action_flag": 1, "change_message": "[{\"added\": {}}]"}}, {"model": "admin.logentry", "pk": 8, "fields": {"action_time": "2021-08-23T18:56:26.647Z", "user": 1, "content_type": 7, "object_id": "2", "object_repr": "Синяя куртка The North Face | Новинки", "action_flag": 1, "change_message": "[{\"added\": {}}]"}}, {"model": "admin.logentry", "pk": 9, "fields": {"action_time": "2021-08-23T18:56:58.494Z", "user": 1, "content_type": 7, "object_id": "3", "object_repr": "Коричневый спортивный oversized-топ ASOS DESIGN | Одежда", "action_flag": 1, "change_message": "[{\"added\": {}}]"}}, {"model": "admin.logentry", "pk": 10, "fields": {"action_time": "2021-08-23T18:57:33.499Z", "user": 1, "content_type": 7, "object_id": "4", "object_repr": "Черный рюкзак Nike Heritage | Аксессуары", "action_flag": 1, "change_message": "[{\"added\": {}}]"}}, {"model": "admin.logentry", "pk": 11, "fields": {"action_time": "2021-08-23T18:58:06.638Z", "user": 1, "content_type": 7, "object_id": "5", "object_repr": "Черные туфли на платформе с 3 парами люверсов Dr Martens 1461 Bex | Обувь", "action_flag": 1, "change_message": "[{\"added\": {}}]"}}, {"model": "admin.logentry", "pk": 12, "fields": {"action_time": "2021-08-23T18:58:34.833Z", "user": 1, "content_type": 7, "object_id": "6", "object_repr": "емно-синие широкие строгие брюки ASOS DESIGN | Одежда", "action_flag": 1, "change_message": "[{\"added\": {}}]"}}, {"model": "admin.logentry", "pk": 13, "fields": {"action_time": "2021-08-23T18:59:01.875Z", "user": 1, "content_type": 7, "object_id": "6", "object_repr": "Темно-синие широкие строгие брюки ASOS DESIGN | Одежда", "action_flag": 2, "change_message": "[{\"changed\": {\"fields\": [\"Name\"]}}]"}}, {"model": "admin.logentry", "pk": 14, "fields": {"action_time": "2021-08-29T11:48:30.654Z", "user": 1, "content_type": 9, "object_id": "1", "object_repr": "Корзиня для tre | Продукт Худи черного цвета с монограммами adidas Originals", "action_flag": 1, "change_message": "[{\"added\": {}}]"}}, {"model": "admin.logentry", "pk": 15, "fields": {"action_time": "2021-08-29T11:48:37.742Z", "user": 1, "content_type": 9, "object_id": "2", "object_repr": "Корзиня для tre | Продукт Черный рюкзак Nike Heritage", "action_flag": 1, "change_message": "[{\"added\": {}}]"}}, {"model": "admin.logentry", "pk": 16, "fields": {"action_time": "2021-08-29T12:08:31.308Z", "user": 1, "content_type": 9, "object_id": "2", "object_repr": "Корзиня для tre | Продукт Черный рюкзак Nike Heritage", "action_flag": 3, "change_message": ""}}, {"model": "admin.logentry", "pk": 17, "fields": {"action_time": "2021-08-29T12:08:31.318Z", "user": 1, "content_type": 9, "object_id": "1", "object_repr": "Корзиня для tre | Продукт Худи черного цвета с монограммами adidas Originals", "action_flag": 3, "change_message": ""}}, {"model": "admin.logentry", "pk": 18, "fields": {"action_time": "2021-08-29T12:21:54.815Z", "user": 1, "content_type": 9, "object_id": "3", "object_repr": "Корзиня для tre | Продукт Синяя куртка The North Face", "action_flag": 1, "change_message": "[{\"added\": {}}]"}}, {"model": "admin.logentry", "pk": 19, "fields": {"action_time": "2021-08-29T12:22:03.074Z", "user": 1, "content_type": 9, "object_id": "4", "object_repr": "Корзиня для tre | Продукт Темно-синие широкие строгие брюки ASOS DESIGN", "action_flag": 1, "change_message": "[{\"added\": {}}]"}}, {"model": "admin.logentry", "pk": 20, "fields": {"action_time": "2021-09-05T11:32:29.554Z", "user": 1, "content_type": 8, "object_id": "3", "object_repr": "tre", "action_flag": 2, "change_message": "[{\"changed\": {\"fields\": [\"User permissions\", \"Staff status\"]}}]"}}, {"model": "admin.logentry", "pk": 21, "fields": {"action_time": "2021-09-05T11:34:48.776Z", "user": 1, "content_type": 8, "object_id": "3", "object_repr": "tre", "action_flag": 2, "change_message": "[{\"changed\": {\"fields\": [\"Staff status\"]}}]"}}, {"model": "admin.logentry", "pk": 22, "fields": {"action_time": "2021-09-05T11:36:17.323Z", "user": 1, "content_type": 8, "object_id": "3", "object_repr": "tre", "action_flag": 2, "change_message": "[{\"changed\": {\"fields\": [\"User permissions\", \"Staff status\"]}}]"}}, {"model": "admin.logentry", "pk": 23, "fields": {"action_time": "2021-09-16T16:31:30.819Z", "user": 1, "content_type": 8, "object_id": "3", "object_repr": "tre", "action_flag": 2, "change_message": "[{\"changed\": {\"fields\": [\"User permissions\", \"Staff status\"]}}]"}}, {"model": "admin.logentry", "pk": 24, "fields": {"action_time": "2021-09-20T09:16:05.537Z", "user": 1, "content_type": 8, "object_id": "12", "object_repr": "phibi", "action_flag": 3, "change_message": ""}}, {"model": "admin.logentry", "pk": 25, "fields": {"action_time": "2021-09-20T09:16:10.247Z", "user": 1, "content_type": 8, "object_id": "11", "object_repr": "qwer", "action_flag": 3, "change_message": ""}}, {"model": "admin.logentry", "pk": 26, "fields": {"action_time": "2021-09-20T09:16:14.453Z", "user": 1, "content_type": 8, "object_id": "10", "object_repr": "evan", "action_flag": 3, "change_message": ""}}, {"model": "admin.logentry", "pk": 27, "fields": {"action_time": "2021-09-20T09:16:17.973Z", "user": 1, "content_type": 8, "object_id": "9", "object_repr": "spu", "action_flag": 3, "change_message": ""}}, {"model": "admin.logentry", "pk": 28, "fields": {"action_time": "2021-09-20T09:16:22.685Z", "user": 1, "content_type": 8, "object_id": "8", "object_repr": "tatiana", "action_flag": 3, "change_message": ""}}, {"model": "admin.logentry", "pk": 29, "fields": {"action_time": "2021-09-20T09:16:29.866Z", "user": 1, "content_type": 8, "object_id": "7", "object_repr": "mark", "action_flag": 3, "change_message": ""}}, {"model": "admin.logentry", "pk": 30, "fields": {"action_time": "2021-09-20T09:16:33.810Z", "user": 1, "content_type": 8, "object_id": "2", "object_repr": "merick", "action_flag": 3, "change_message": ""}}, {"model": "admin.logentry", "pk": 31, "fields": {"action_time": "2021-09-20T09:16:39.413Z", "user": 1, "content_type": 8, "object_id": "6", "object_repr": "teus", "action_flag": 3, "change_message": ""}}, {"model": "admin.logentry", "pk": 32, "fields": {"action_time": "2021-09-20T10:09:02.039Z", "user": 1, "content_type": 8, "object_id": "14", "object_repr": "mark", "action_flag": 3, "change_message": ""}}, {"model": "admin.logentry", "pk": 33, "fields": {"action_time": "2021-09-29T15:41:54.125Z", "user": 1, "content_type": 7, "object_id": "3", "object_repr": "Коричневый спортивный oversized-топ ASOS DESIGN | Одежда", "action_flag": 2, "change_message": "[{\"changed\": {\"fields\": [\"Quantity\"]}}]"}}, {"model": "admin.logentry", "pk": 34, "fields": {"action_time": "2021-09-29T15:42:02.337Z", "user": 1, "content_type": 7, "object_id": "2", "object_repr": "Синяя куртка The North Face | Новинки", "action_flag": 2, "change_message": "[{\"changed\": {\"fields\": [\"Quantity\"]}}]"}}, {"model": "admin.logentry", "pk": 35, "fields": {"action_time": "2021-09-29T15:42:09.538Z", "user": 1, "content_type": 7, "object_id": "6", "object_repr": "Темно-синие широкие строгие брюки ASOS DESIGN | Одежда", "action_flag": 2, "change_message": "[{\"changed\": {\"fields\": [\"Quantity\"]}}]"}}, {"model": "admin.logentry", "pk": 36, "fields": {"action_time": "2021-09-29T15:42:17.440Z", "user": 1, "content_type": 7, "object_id": "1", "object_repr": "Худи черного цвета с монограммами adidas Originals | Одежда", "action_flag": 2, "change_message": "[{\"changed\": {\"fields\": [\"Quantity\"]}}]"}}, {"model": "admin.logentry", "pk": 37, "fields": {"action_time": "2021-09-29T16:12:14.201Z", "user": 1, "content_type": 7, "object_id": "5", "object_repr": "Черные туфли на платформе с 3 парами люверсов Dr Martens 1461 Bex | Обувь", "action_flag": 2, "change_message": "[{\"changed\": {\"fields\": [\"Quantity\"]}}]"}}, {"model": "admin.logentry", "pk": 38, "fields": {"action_time": "2021-09-29T16:12:20.842Z", "user": 1, "content_type": 7, "object_id": "4", "object_repr": "Черный рюкзак Nike Heritage | Аксессуары", "action_flag": 2, "change_message": "[{\"changed\": {\"fields\": [\"Quantity\"]}}]"}}, {"model": "admin.logentry", "pk": 39, "fields": {"action_time": "2021-09-29T17:32:41.553Z", "user": 1, "content_type": 16, "object_id": "1", "object_repr": "Текущий заказ: 1", "action_flag": 3, "change_message": ""}}, {"model": "admin.logentry", "pk": 40, "fields": {"action_time": "2021-09-29T17:32:47.714Z", "user": 1, "content_type": 16, "object_id": "1", "object_repr": "Текущий заказ: 1", "action_flag": 3, "change_message": ""}}, {"model": "admin.logentry", "pk": 41, "fields": {"action_time": "2021-09-29T17:39:09.972Z", "user": 1, "content_type": 7, "object_id": "1", "object_repr": "Худи черного цвета с монограммами adidas Originals | Одежда", "action_flag": 2, "change_message": "[{\"changed\": {\"fields\": [\"Quantity\"]}}]"}}, {"model": "admin.logentry", "pk": 42, "fields": {"action_time": "2021-09-29T17:39:18.444Z", "user": 1, "content_type": 7, "object_id": "6", "object_repr": "Темно-синие широкие строгие брюки ASOS DESIGN | Одежда", "action_flag": 2, "change_message": "[{\"changed\": {\"fields\": [\"Quantity\"]}}]"}}, {"model": "admin.logentry", "pk": 43, "fields": {"action_time": "2021-09-29T17:39:26.558Z", "user": 1, "content_type": 7, "object_id": "3", "object_repr": "Коричневый спортивный oversized-топ ASOS DESIGN | Одежда", "action_flag": 2, "change_message": "[{\"changed\": {\"fields\": [\"Quantity\"]}}]"}}, {"model": "admin.logentry", "pk": 44, "fields": {"action_time": "2021-10-03T17:27:54.046Z", "user": 1, "content_type": 7, "object_id": "4", "object_repr": "Черный рюкзак Nike Heritage | Аксессуары", "action_flag": 2, "change_message": "[{\"changed\": {\"fields\": [\"Is active\"]}}]"}}, {"model": "auth.permission", "pk": 1, "fields": {"name": "Can add log entry", "content_type": 1, "codename": "add_logentry"}}, {"model": "auth.permission", "pk": 2, "fields": {"name": "Can change log entry", "content_type": 1, "codename": "change_logentry"}}, {"model": "auth.permission", "pk": 3, "fields": {"name": "Can delete log entry", "content_type": 1, "codename": "delete_logentry"}}, {"model": "auth.permission", "pk": 4, "fields": {"name": "Can view log entry", "content_type": 1, "codename": "view_logentry"}}, {"model": "auth.permission", "pk": 5, "fields": {"name": "Can add permission", "content_type": 2, "codename": "add_permission"}}, {"model": "auth.permission", "pk": 6, "fields": {"name": "Can change permission", "content_type": 2, "codename": "change_permission"}}, {"model": "auth.permission", "pk": 7, "fields": {"name": "Can delete permission", "content_type": 2, "codename": "delete_permission"}}, {"model": "auth.permission", "pk": 8, "fields": {"name": "Can view permission", "content_type": 2, "codename": "view_permission"}}, {"model": "auth.permission", "pk": 9, "fields": {"name": "Can add group", "content_type": 3, "codename": "add_group"}}, {"model": "auth.permission", "pk": 10, "fields": {"name": "Can change group", "content_type": 3, "codename": "change_group"}}, {"model": "auth.permission", "pk": 11, "fields": {"name": "Can delete group", "content_type": 3, "codename": "delete_group"}}, {"model": "auth.permission", "pk": 12, "fields": {"name": "Can view group", "content_type": 3, "codename": "view_group"}}, {"model": "auth.permission", "pk": 13, "fields": {"name": "Can add content type", "content_type": 4, "codename": "add_contenttype"}}, {"model": "auth.permission", "pk": 14, "fields": {"name": "Can change content type", "content_type": 4, "codename": "change_contenttype"}}, {"model": "auth.permission", "pk": 15, "fields": {"name": "Can delete content type", "content_type": 4, "codename": "delete_contenttype"}}, {"model": "auth.permission", "pk": 16, "fields": {"name": "Can view content type", "content_type": 4, "codename": "view_contenttype"}}, {"model": "auth.permission", "pk": 17, "fields": {"name": "Can add session", "content_type": 5, "codename": "add_session"}}, {"model": "auth.permission", "pk": 18, "fields": {"name": "Can change session", "content_type": 5, "codename": "change_session"}}, {"model": "auth.permission", "pk": 19, "fields": {"name": "Can delete session", "content_type": 5, "codename": "delete_session"}}, {"model": "auth.permission", "pk": 20, "fields": {"name": "Can view session", "content_type": 5, "codename": "view_session"}}, {"model": "auth.permission", "pk": 21, "fields": {"name": "Can add product category", "content_type": 6, "codename": "add_productcategory"}}, {"model": "auth.permission", "pk": 22, "fields": {"name": "Can change product category", "content_type": 6, "codename": "change_productcategory"}}, {"model": "auth.permission", "pk": 23, "fields": {"name": "Can delete product category", "content_type": 6, "codename": "delete_productcategory"}}, {"model": "auth.permission", "pk": 24, "fields": {"name": "Can view product category", "content_type": 6, "codename": "view_productcategory"}}, {"model": "auth.permission", "pk": 25, "fields": {"name": "Can add product", "content_type": 7, "codename": "add_product"}}, {"model": "auth.permission", "pk": 26, "fields": {"name": "Can change product", "content_type": 7, "codename": "change_product"}}, {"model": "auth.permission", "pk": 27, "fields": {"name": "Can delete product", "content_type": 7, "codename": "delete_product"}}, {"model": "auth.permission", "pk": 28, "fields": {"name": "Can view product", "content_type": 7, "codename": "view_product"}}, {"model": "auth.permission", "pk": 29, "fields": {"name": "Can add user", "content_type": 8, "codename": "add_user"}}, {"model": "auth.permission", "pk": 30, "fields": {"name": "Can change user", "content_type": 8, "codename": "change_user"}}, {"model": "auth.permission", "pk": 31, "fields": {"name": "Can delete user", "content_type": 8, "codename": "delete_user"}}, {"model": "auth.permission", "pk": 32, "fields": {"name": "Can view user", "content_type": 8, "codename": "view_user"}}, {"model": "auth.permission", "pk": 33, "fields": {"name": "Can add basket", "content_type": 9, "codename": "add_basket"}}, {"model": "auth.permission", "pk": 34, "fields": {"name": "Can change basket", "content_type": 9, "codename": "change_basket"}}, {"model": "auth.permission", "pk": 35, "fields": {"name": "Can delete basket", "content_type": 9, "codename": "delete_basket"}}, {"model": "auth.permission", "pk": 36, "fields": {"name": "Can view basket", "content_type": 9, "codename": "view_basket"}}, {"model": "auth.permission", "pk": 37, "fields": {"name": "Can add association", "content_type": 10, "codename": "add_association"}}, {"model": "auth.permission", "pk": 38, "fields": {"name": "Can change association", "content_type": 10, "codename": "change_association"}}, {"model": "auth.permission", "pk": 39, "fields": {"name": "Can delete association", "content_type": 10, "codename": "delete_association"}}, {"model": "auth.permission", "pk": 40, "fields": {"name": "Can view association", "content_type": 10, "codename": "view_association"}}, {"model": "auth.permission", "pk": 41, "fields": {"name": "Can add code", "content_type": 11, "codename": "add_code"}}, {"model": "auth.permission", "pk": 42, "fields": {"name": "Can change code", "content_type": 11, "codename": "change_code"}}, {"model": "auth.permission", "pk": 43, "fields": {"name": "Can delete code", "content_type": 11, "codename": "delete_code"}}, {"model": "auth.permission", "pk": 44, "fields": {"name": "Can view code", "content_type": 11, "codename": "view_code"}}, {"model": "auth.permission", "pk": 45, "fields": {"name": "Can add nonce", "content_type": 12, "codename": "add_nonce"}}, {"model": "auth.permission", "pk": 46, "fields": {"name": "Can change nonce", "content_type": 12, "codename": "change_nonce"}}, {"model": "auth.permission", "pk": 47, "fields": {"name": "Can delete nonce", "content_type": 12, "codename": "delete_nonce"}}, {"model": "auth.permission", "pk": 48, "fields": {"name": "Can view nonce", "content_type": 12, "codename": "view_nonce"}}, {"model": "auth.permission", "pk": 49, "fields": {"name": "Can add user social auth", "content_type": 13, "codename": "add_usersocialauth"}}, {"model": "auth.permission", "pk": 50, "fields": {"name": "Can change user social auth", "content_type": 13, "codename": "change_usersocialauth"}}, {"model": "auth.permission", "pk": 51, "fields": {"name": "Can delete user social auth", "content_type": 13, "codename": "delete_usersocialauth"}}, {"model": "auth.permission", "pk": 52, "fields": {"name": "Can view user social auth", "content_type": 13, "codename": "view_usersocialauth"}}, {"model": "auth.permission", "pk": 53, "fields": {"name": "Can add partial", "content_type": 14, "codename": "add_partial"}}, {"model": "auth.permission", "pk": 54, "fields": {"name": "Can change partial", "content_type": 14, "codename": "change_partial"}}, {"model": "auth.permission", "pk": 55, "fields": {"name": "Can delete partial", "content_type": 14, "codename": "delete_partial"}}, {"model": "auth.permission", "pk": 56, "fields": {"name": "Can view partial", "content_type": 14, "codename": "view_partial"}}, {"model": "auth.permission", "pk": 57, "fields": {"name": "Can add user profile", "content_type": 15, "codename": "add_userprofile"}}, {"model": "auth.permission", "pk": 58, "fields": {"name": "Can change user profile", "content_type": 15, "codename": "change_userprofile"}}, {"model": "auth.permission", "pk": 59, "fields": {"name": "Can delete user profile", "content_type": 15, "codename": "delete_userprofile"}}, {"model": "auth.permission", "pk": 60, "fields": {"name": "Can view user profile", "content_type": 15, "codename": "view_userprofile"}}, {"model": "auth.permission", "pk": 61, "fields": {"name": "Can add заказ", "content_type": 16, "codename": "add_order"}}, {"model": "auth.permission", "pk": 62, "fields": {"name": "Can change заказ", "content_type": 16, "codename": "change_order"}}, {"model": "auth.permission", "pk": 63, "fields": {"name": "Can delete заказ", "content_type": 16, "codename": "delete_order"}}, {"model": "auth.permission", "pk": 64, "fields": {"name": "Can view заказ", "content_type": 16, "codename": "view_order"}}, {"model": "auth.permission", "pk": 65, "fields": {"name": "Can add order item", "content_type": 17, "codename": "add_orderitem"}}, {"model": "auth.permission", "pk": 66, "fields": {"name": "Can change order item", "content_type": 17, "codename": "change_orderitem"}}, {"model": "auth.permission", "pk": 67, "fields": {"name": "Can delete order item", "content_type": 17, "codename": "delete_orderitem"}}, {"model": "auth.permission", "pk": 68, "fields": {"name": "Can view order item", "content_type": 17, "codename": "view_orderitem"}}, {"model": "sessions.session", "pk": "q4c5ye8fdr0qzhkg5idjhsx2og2q0eye", "fields": {"session_data": ".eJxVjDsOwjAQBe_iGln-xY4p6TmDtd5d4wBypDipEHeHSCmgfTPzXiLBtta0dV7SROIstDj9bhnwwW0HdId2myXObV2mLHdFHrTL60z8vBzu30GFXr81u2JjsORj4JGtAzMMHtEpj4WDdcGXoLwiHW3JYJxWkceMyIqyKQDi_QHaNDg4:1mVcCV:LyXy90OyjoNmdeoPrjPTtJFfhVR_PZTE2PXPBb7GoQk", "expire_date": "2021-10-13T16:12:55.068Z"}}, {"model": "sessions.session", "pk": "rxg2gk7yuw1levj8jvncgn0ess3dvhd5", "fields": {"session_data": ".eJxVjMGOgjAURf-l65EpbWnF5YzGmYzGhXHhiry2rxRkaAIlGoz_LiRu3N5zzr2TFm-RrMgn-SBlCGWDiwBD9KzoI0ScyPD_d3TXb1af9LXejN2P1-ebd7tx3B5-19xPYTEXxdBjV1R2StL3TYO5YDsDW0NbhsSENnaVTmYledE-2QeLzdfLfTvw0PupRuF4rriVucIlcgEsy6QxgkrjUHGhpFNUUpvm3GlgIqU5LrUxSK1mDoA8nkuXTzM:1mX1DZ:YjvdAjziLkhIA6c-gBLjQdkYIMoFa_xuxSKCld4YBt8", "expire_date": "2021-10-17T13:07:49.444Z"}}, {"model": "social_django.usersocialauth", "pk": 1, "fields": {"user": 18, "provider": "google-oauth2", "uid": "lexta32@gmail.com", "extra_data": "{\"auth_time\": 1632304956, \"expires\": 3599, \"token_type\": \"Bearer\", \"access_token\": \"ya29.a0ARrdaM8E8H4cfIPDLpuw_62K_ASwaSQOs9fZ11tSLjA-6ALXzk1CTCEKqv6UX-X5V0o0D3xmbmjVSHRAbcoB7ZNQj7suSX5oZpn6Um6LnUg2nsszjthIRPgYVcoZUV6zaOVROa9hJjg1Bo4Ib1dZHv9rH-Rn\"}", "created": "2021-09-22T10:02:36.317Z", "modified": "2021-09-22T10:02:36.322Z"}}, {"model": "products.productcategory", "pk": 1, "fields": {"name": "Новинки", "description": "", "is_active": true}}, {"model": "products.productcategory", "pk": 2, "fields": {"name": "Одежда", "description": "Описание для одежды", "is_active": true}}, {"model": "products.productcategory", "pk": 3, "fields": {"name": "Обувь", "description": "", "is_active": true}}, {"model": "products.productcategory", "pk": 4, "fields": {"name": "Подарки", "description": "", "is_active": true}}, {"model": "products.productcategory", "pk": 5, "fields": {"name": "Аксессуары", "description": "", "is_active": true}}, {"model": "products.product", "pk": 1, "fields": {"name": "Худи черного цвета с монограммами adidas Originals", "image": "products_images/Adidas-hoodie_Bq1hTje.png", "description": "Мягкая ткань для свитшотов. Стиль и комфорт – это образ жизни.", "price": "6090.00", "quantity": 11, "category": 2, "is_active": true}}, {"model": "products.product", "pk": 2, "fields": {"name": "Синяя куртка The North Face", "image": "products_images/Blue-jacket-The-North-Face_y9v7jE4.png", "description": "Гладкая ткань. Водонепроницаемое покрытие. Легкий и теплый пухов", "price": "23725.00", "quantity": 9, "category": 1, "is_active": true}}, {"model": "products.product", "pk": 3, "fields": {"name": "Коричневый спортивный oversized-топ ASOS DESIGN", "image": "products_images/Brown-sports-oversized-top-ASOS-DESIGN_VP3ynLT.png", "description": "Материал с плюшевой текстурой. Удобный и мягкий.", "price": "3390.00", "quantity": 5, "category": 2, "is_active": true}}, {"model": "products.product", "pk": 4, "fields": {"name": "Черный рюкзак Nike Heritage", "image": "products_images/Black-Nike-Heritage-backpack_lgEdVxM.png", "description": "Плотная ткань. Легкий материал.", "price": "2340.00", "quantity": 13, "category": 5, "is_active": false}}, {"model": "products.product", "pk": 5, "fields": {"name": "Черные туфли на платформе с 3 парами люверсов Dr Martens 1461 Bex", "image": "products_images/Black-Dr-Martens-shoes_3gY667m.png", "description": "Гладкий кожаный верх. Натуральный материал.", "price": "13590.00", "quantity": 10, "category": 3, "is_active": true}}, {"model": "products.product", "pk": 6, "fields": {"name": "Темно-синие широкие строгие брюки ASOS DESIGN", "image": "products_images/Dark-blue-wide-leg-ASOs-DESIGN-trousers_bi6CNDq.png", "description": "Легкая эластичная ткань сирсакер Фактурная ткань.", "price": "2890.00", "quantity": 11, "category": 2, "is_active": true}}, {"model": "users.user", "pk": 1, "fields": {"password": "pbkdf2_sha256$260000$ZsEf4Gi1jXJHPSTIO6uihR$G3TLzaHdjqxp2s4dzULN1hfJMcTc/1sDzcqU+2pmuiQ=", "last_login": "2021-10-03T13:07:49.433Z", "is_superuser": true, "username": "lexta", "first_name": "Татьяна", "last_name": "Кудрявцева", "email": "lexta@list.ru", "is_staff": true, "is_active": true, "date_joined": "2021-08-23T18:47:20.128Z", "image": "", "birthday": "1984-01-06", "gender": null, "activation_key": "", "activation_key_expires": "2021-09-20T15:06:15.473Z", "groups": [], "user_permissions": []}}, {"model": "users.user", "pk": 3, "fields": {"password": "pbkdf2_sha256$260000$RSlUn78HLPMhcNtrZ4LlLE$AoUAnMhZ+KpVUbb1O4MPH2w7ItiMJhXPsttZCaCwNsA=", "last_login": "2021-09-25T18:19:23.423Z", "is_superuser": false, "username": "tre", "first_name": "tre", "last_name": "bar", "email": "tre@mail.ru", "is_staff": false, "is_active": true, "date_joined": "2021-08-28T17:32:40Z", "image": "users_images/avatar.jpg", "birthday": null, "gender": null, "activation_key": "", "activation_key_expires": "2021-09-20T15:06:15.473Z", "groups": [], "user_permissions": [13]}}, {"model": "users.user", "pk": 13, "fields": {"password": "pbkdf2_sha256$260000$Yn9XjsnLRNVlVCZdvhaUcc$npupSHcT2WSUEc61TJ1hMViWOujrnmMMp82wJn0g4/E=", "last_login": "2021-09-20T09:19:43.454Z", "is_superuser": false, "username": "phibi", "first_name": "phibi", "last_name": "phibi", "email": "phibi@yahoo.com", "is_staff": false, "is_active": true, "date_joined": "2021-09-20T09:18:11.130Z", "image": "", "birthday": null, "gender": null, "activation_key": "941359bb010b5be44d5891a4ce96e991c502c318", "activation_key_expires": "2021-09-22T09:14:35.409Z", "groups": [], "user_permissions": []}}, {"model": "users.user", "pk": 15, "fields": {"password": "pbkdf2_sha256$260000$mqYDChM92iVlzrgZtUiPyq$iYJ64bdefOFRqaXCGjfA+eC16r8orUJETW9LHPLmVik=", "last_login": "2021-09-20T10:10:03.410Z", "is_superuser": false, "username": "mark", "first_name": "mark", "last_name": "mark", "email": "mark@mail.com", "is_staff": false, "is_active": true, "date_joined": "2021-09-20T10:09:38.682Z", "image": "", "birthday": null, "gender": null, "activation_key": "0ecbe6558bf34df402cfbb2899f4ce6b01368af5", "activation_key_expires": "2021-09-22T09:14:35.409Z", "groups": [], "user_permissions": []}}, {"model": "users.user", "pk": 16, "fields": {"password": "pbkdf2_sha256$260000$kQh7VullSFSin9BW6UiNoz$SLLUnU00nMp++MI/tAAzJyeRiSCdmjcquNfmKSJgVCY=", "last_login": null, "is_superuser": false, "username": "evan", "first_name": "evan", "last_name": "evan", "email": "evan@gmail.com", "is_staff": false, "is_active": true, "date_joined": "2021-09-20T10:37:20.449Z", "image": "", "birthday": null, "gender": null, "activation_key": "00976c5d53548210722d26bcb28a239f34668d21", "activation_key_expires": "2021-09-22T10:36:21.460Z", "groups": [], "user_permissions": []}}, {"model": "users.user", "pk": 17, "fields": {"password": "pbkdf2_sha256$260000$PPilzNijFNFuTXDWNYpPjY$o1XfiNuqZlvNqAJ8uutgTzKMEKCJ1owY63clY+9O6ik=", "last_login": "2021-09-20T10:44:50.925Z", "is_superuser": false, "username": "tania", "first_name": "tania", "last_name": "tania", "email": "tj@mail.ru", "is_staff": false, "is_active": true, "date_joined": "2021-09-20T10:43:55.283Z", "image": "", "birthday": null, "gender": null, "activation_key": "51f6a0abefb659fc6fae12e20da44dc35cd23022", "activation_key_expires": "2021-09-22T10:42:27.034Z", "groups": [], "user_permissions": []}}, {"model": "users.user", "pk": 18, "fields": {"password": "!YPSzFrE1DRcdhT20dQWKC3OUqjFR66li7EhY2h6i", "last_login": "2021-09-22T10:02:36.341Z", "is_superuser": false, "username": "lexta32", "first_name": "Татьяна", "last_name": "Кудрявцева", "email": "lexta32@gmail.com", "is_staff": false, "is_active": true, "date_joined": "2021-09-22T10:02:36.311Z", "image": "", "birthday": null, "gender": null, "activation_key": "", "activation_key_expires": "2021-09-24T09:58:45.732Z", "groups": [], "user_permissions": []}}, {"model": "users.user", "pk": 19, "fields": {"password": "pbkdf2_sha256$260000$6a7ROF5RL2SKO4BlKspgY6$C7eW3H8Bs+yMsK1ZgY8liEwtXpaf3XMtrBuw4er++UU=", "last_login": "2021-09-23T15:23:33.127Z", "is_superuser": false, "username": "shpunya", "first_name": "shpunya", "last_name": "shpunya", "email": "shpunya@yandex.tu", "is_staff": false, "is_active": true, "date_joined": "2021-09-23T10:42:23.999Z", "image": "", "birthday": null, "gender": null, "activation_key": "b06233a564e499efced3150d0ed923a27bf2ed39", "activation_key_expires": "2021-09-25T10:40:58.353Z", "groups": [], "user_permissions": []}}, {"model": "users.userprofile", "pk": 1, "fields": {"user": 1, "tagline": "", "aboutMe": "", "gender": "W"}}, {"model": "users.userprofile", "pk": 2, "fields": {"user": 3, "tagline": "", "aboutMe": "", "gender": ""}}, {"model": "users.userprofile", "pk": 3, "fields": {"user": 13, "tagline": "", "aboutMe": "", "gender": ""}}, {"model": "users.userprofile", "pk": 4, "fields": {"user": 15, "tagline": "", "aboutMe": "", "gender": ""}}, {"model": "users.userprofile", "pk": 5, "fields": {"user": 16, "tagline": "", "aboutMe": "", "gender": ""}}, {"model": "users.userprofile", "pk": 6, "fields": {"user": 17, "tagline": "", "aboutMe": "", "gender": ""}}, {"model": "users.userprofile", "pk": 7, "fields": {"user": 18, "tagline": "", "aboutMe": "", "gender": ""}}, {"model": "users.userprofile", "pk": 8, "fields": {"user": 19, "tagline": "", "aboutMe": "", "gender": "M"}}, {"model": "baskets.basket", "pk": 41, "fields": {"user": 3, "product": 6, "quantity": 1, "created_timestamp": "2021-09-07T17:18:48.941Z", "is_active": true}}, {"model": "orders.order", "pk": 2, "fields": {"user": 1, "created": "2021-09-27T19:52:24.611Z", "updated": "2021-09-27T20:15:59.047Z", "status": "STP", "is_active": true}}, {"model": "orders.order", "pk": 8, "fields": {"user": 1, "created": "2021-09-29T17:46:27.022Z", "updated": "2021-09-29T17:52:51.653Z", "status": "CNC", "is_active": false}}, {"model": "orders.order", "pk": 9, "fields": {"user": 1, "created": "2021-09-29T18:10:47.492Z", "updated": "2021-09-29T18:10:59.791Z", "status": "CNC", "is_active": false}}, {"model": "orders.order", "pk": 10, "fields": {"user": 1, "created": "2021-09-29T18:15:31.076Z", "updated": "2021-09-30T16:33:48.925Z", "status": "CNC", "is_active": false}}, {"model": "orders.order", "pk": 11, "fields": {"user": 1, "created": "2021-09-29T18:16:30.194Z", "updated": "2021-10-03T20:06:06.723Z", "status": "FM", "is_active": true}}, {"model": "orders.order", "pk": 12, "fields": {"user": 1, "created": "2021-09-29T18:17:01.168Z", "updated": "2021-10-03T16:53:28.924Z", "status": "FM", "is_active": true}}, {"model": "orders.order", "pk": 13, "fields": {"user": 1, "created": "2021-09-30T15:58:23.917Z", "updated": "2021-09-30T15:59:08.022Z", "status": "CNC", "is_active": false}}, {"model": "orders.order", "pk": 14, "fields": {"user": 1, "created": "2021-09-30T17:14:43.382Z", "updated": "2021-10-04T10:39:06.182Z", "status": "FM", "is_active": true}}, {"model": "orders.order", "pk": 15, "fields": {"user": 1, "created": "2021-09-30T17:15:13.283Z", "updated": "2021-10-03T18:46:31.686Z", "status": "FM", "is_active": true}}, {"model": "orders.order", "pk": 16, "fields": {"user": 1, "created": "2021-09-30T17:26:55.695Z", "updated": "2021-10-03T18:34:02.191Z", "status": "FM", "is_active": true}}, {"model": "orders.orderitem", "pk": 2, "fields": {"order": 2, "product": 4, "quantity": 2}}, {"model": "orders.orderitem", "pk": 8, "fields": {"order": 8, "product": 4, "quantity": 1}}, {"model": "orders.orderitem", "pk": 9, "fields": {"order": 9, "product": 5, "quantity": 1}}, {"model": "orders.orderitem", "pk": 11, "fields": {"order": 10, "product": 6, "quantity": 1}}, {"model": "orders.orderitem", "pk": 12, "fields": {"order": 10, "product": 4, "quantity": 2}}, {"model": "orders.orderitem", "pk": 13, "fields": {"order": 11, "product": 3, "quantity": 3}}, {"model": "orders.orderitem", "pk": 14, "fields": {"order": 12, "product": 1, "quantity": 1}}, {"model": "orders.orderitem", "pk": 15, "fields": {"order": 11, "product": 2, "quantity": 1}}, {"model": "orders.orderitem", "pk": 16, "fields": {"order": 10, "product": 2, "quantity": 1}}, {"model": "orders.orderitem", "pk": 17, "fields": {"order": 13, "product": 5, "quantity": 1}}, {"model": "orders.orderitem", "pk": 18, "fields": {"order": 12, "product": 3, "quantity": 1}}, {"model": "orders.orderitem", "pk": 19, "fields": {"order": 14, "product": 3, "quantity": 1}}, {"model": "orders.orderitem", "pk": 20, "fields": {"order": 15, "product": 3, "quantity": 1}}, {"model": "orders.orderitem", "pk": 21, "fields": {"order": 16, "product": 1, "quantity": 2}}]